"","Time","United States of America","Japan","Italy","Canada","Total","Austria","France","Switzerland","Japan_Ratio","Year","Month","Winter"
"1",2000-01-01,36860,6040,3940,6760,357490,1540,4540,1430,0.0168955774986713,2000,"Jan","Winter"
"2",2000-02-01,25490,4770,2070,4410,236470,940,2430,1350,0.020171691969383,2000,"Feb","Winter"
"3",2000-03-01,25670,5360,1980,4200,230820,780,1300,410,0.0232215579239234,2000,"Mar","Winter"
"4",2000-04-01,32440,6960,2900,3670,279570,1350,3070,890,0.0248953750402404,2000,"Apr","Winter"
"5",2000-05-01,32490,5150,7270,4420,256090,910,4300,460,0.0201101175368035,2000,"May","Other"
"6",2000-06-01,32910,3750,6560,4480,246420,980,3960,940,0.015217920623326,2000,"Jun","Other"
"7",2000-07-01,37180,5250,6160,7790,330430,1160,5920,540,0.0158883878582453,2000,"Jul","Other"
"8",2000-08-01,30790,5590,6900,6190,283030,1070,2670,1060,0.0197505564781119,2000,"Aug","Other"
"9",2000-09-01,36080,6210,7810,6670,328390,970,4390,910,0.0189104418526752,2000,"Sep","Other"
"10",2000-10-01,47470,5610,13140,7030,369620,1190,8130,2610,0.0151777501217467,2000,"Oct","Other"
"11",2000-11-01,29680,5340,6080,3280,275800,670,3210,850,0.019361856417694,2000,"Nov","Winter"
"12",2000-12-01,22230,4810,4020,2500,228880,580,2870,810,0.0210153792380287,2000,"Dec","Winter"
"13",2001-01-01,39380,5720,5730,9830,415540,1580,6160,2130,0.0137652211580113,2001,"Jan","Winter"
"14",2001-02-01,22290,3160,2250,5100,256290,490,2240,1380,0.0123297826680713,2001,"Feb","Winter"
"15",2001-03-01,22390,4080,3310,5000,253100,510,2300,1140,0.0161201106282102,2001,"Mar","Winter"
"16",2001-04-01,24190,7390,4870,4280,288150,720,2760,500,0.0256463647405865,2001,"Apr","Winter"
"17",2001-05-01,28840,4850,7380,4430,250230,710,4110,1150,0.0193821684050673,2001,"May","Other"
"18",2001-06-01,25570,4200,8090,5250,263550,1350,6100,930,0.0159362549800797,2001,"Jun","Other"
"19",2001-07-01,30820,7260,10240,8450,349370,1280,6970,1660,0.0207802616137619,2001,"Jul","Other"
"20",2001-08-01,24040,5430,7050,7010,288490,720,4040,930,0.0188221428819023,2001,"Aug","Other"
"21",2001-09-01,27260,5710,8890,7330,314670,680,4710,1120,0.018145994216163,2001,"Sep","Other"
"22",2001-10-01,24740,8240,13300,6290,346140,1050,6630,1360,0.0238053966603109,2001,"Oct","Other"
"23",2001-11-01,18430,4250,4690,2090,225700,470,2240,530,0.0188303057155516,2001,"Nov","Winter"
"24",2001-12-01,18260,5050,2330,1950,198700,570,1060,240,0.025415198792149,2001,"Dec","Winter"
"25",2002-01-01,27250,6590,4940,8070,367480,1450,4440,1930,0.0179329487319038,2002,"Jan","Winter"
"26",2002-02-01,19120,4840,2210,4220,227160,1290,2500,860,0.0213065680577566,2002,"Feb","Winter"
"27",2002-03-01,22760,4410,2680,3940,253950,530,2370,1320,0.0173656231541642,2002,"Mar","Winter"
"28",2002-04-01,23230,6050,3810,3430,265610,640,3480,1140,0.0227777568615639,2002,"Apr","Winter"
"29",2002-05-01,26270,4930,5400,4610,246890,720,4040,750,0.0199684069828669,2002,"May","Other"
"30",2002-06-01,23710,4790,8240,5850,260820,700,4960,1250,0.0183651560463155,2002,"Jun","Other"
"31",2002-07-01,28440,6510,8720,8640,342870,1200,7630,1560,0.0189867879954502,2002,"Jul","Other"
"32",2002-08-01,24150,4210,4540,7530,292330,780,3240,1430,0.0144015325146239,2002,"Aug","Other"
"33",2002-09-01,25030,5800,9090,6310,308280,400,5910,1710,0.018814065135591,2002,"Sep","Other"
"34",2002-10-01,32740,8490,15360,6240,372510,1190,7690,2370,0.0227913344608198,2002,"Oct","Other"
"35",2002-11-01,24140,6650,5510,3300,252420,330,3230,570,0.026344980587909,2002,"Nov","Winter"
"36",2002-12-01,20320,6090,2350,2790,204570,190,1930,940,0.0297697609620179,2002,"Dec","Winter"
"37",2003-01-01,30280,8300,5820,12720,401080,1480,4840,1550,0.0206941258601775,2003,"Jan","Winter"
"38",2003-02-01,20360,6160,1840,5990,243490,1190,2140,930,0.0252987802373814,2003,"Feb","Winter"
"39",2003-03-01,19200,4810,2470,5180,249170,820,1890,720,0.019304089577397,2003,"Mar","Winter"
"40",2003-04-01,20190,6980,2690,2160,227230,600,2870,600,0.030717774941689,2003,"Apr","Winter"
"41",2003-05-01,24100,5470,4820,3870,205090,470,3610,950,0.026671217514262,2003,"May","Other"
"42",2003-06-01,22740,4670,5590,5740,210830,720,5690,1010,0.0221505478347484,2003,"Jun","Other"
"43",2003-07-01,29840,7050,8770,7000,311210,940,7130,1180,0.0226535137045725,2003,"Jul","Other"
"44",2003-08-01,23790,4760,6750,6350,283930,480,3750,960,0.0167646955235445,2003,"Aug","Other"
"45",2003-09-01,27300,5850,8610,7010,313890,950,6220,1820,0.0186371021695498,2003,"Sep","Other"
"46",2003-10-01,31420,10070,13030,6700,374300,1640,7400,1180,0.0269035532994924,2003,"Oct","Other"
"47",2003-11-01,25510,6700,6560,2640,272800,580,3830,180,0.0245601173020528,2003,"Nov","Winter"
"48",2003-12-01,20210,7050,1980,2870,237820,470,2260,680,0.0296442687747036,2003,"Dec","Winter"
"49",2004-01-01,38170,9130,6410,11130,465970,1730,6040,1950,0.0195935360645535,2004,"Jan","Winter"
"50",2004-02-01,23870,5690,2900,7140,305890,1000,2510,1370,0.0186014580404721,2004,"Feb","Winter"
"51",2004-03-01,24780,6320,2430,4130,291300,690,2470,800,0.0216958462066598,2004,"Mar","Winter"
"52",2004-04-01,26490,9630,3990,2860,339540,1210,3940,1140,0.0283619013960064,2004,"Apr","Winter"
"53",2004-05-01,32790,5520,6690,5630,305850,800,5840,810,0.0180480627758705,2004,"May","Other"
"54",2004-06-01,34320,5850,8520,7130,310790,940,5540,720,0.0188229994530069,2004,"Jun","Other"
"55",2004-07-01,37240,7370,11580,10590,431690,1490,8460,2310,0.0170724362389678,2004,"Jul","Other"
"56",2004-08-01,30290,6230,6980,7910,349180,1030,4050,2140,0.0178418007904233,2004,"Aug","Other"
"57",2004-09-01,31490,7890,11580,8070,387870,1210,6630,2010,0.0203418671204269,2004,"Sep","Other"
"58",2004-10-01,44930,12150,16910,7900,470250,1860,10280,1530,0.0258373205741627,2004,"Oct","Other"
"59",2004-11-01,30500,6750,5510,2970,329320,1040,3650,820,0.0204967812462043,2004,"Nov","Winter"
"60",2004-12-01,27110,7110,3000,3770,290500,660,2230,770,0.0244750430292599,2004,"Dec","Winter"
"61",2005-01-01,48670,10720,6990,14010,563380,2200,7000,2470,0.0190280095140048,2005,"Jan","Winter"
"62",2005-02-01,28510,7510,2860,5290,322310,610,2910,1190,0.0233005491607459,2005,"Feb","Winter"
"63",2005-03-01,28440,7310,2340,5110,342100,500,1850,710,0.0213680210464776,2005,"Mar","Winter"
"64",2005-04-01,34370,9570,5360,3500,370080,700,3780,1080,0.0258592736705577,2005,"Apr","Winter"
"65",2005-05-01,34140,6830,9110,5870,329290,830,4530,1550,0.0207415955540709,2005,"May","Other"
"66",2005-06-01,33940,6400,11800,9900,354300,1090,8140,900,0.0180637877504939,2005,"Jun","Other"
"67",2005-07-01,41480,7670,11670,9530,480000,1680,9610,1880,0.0159791666666667,2005,"Jul","Other"
"68",2005-08-01,32740,5780,7700,9180,383040,1410,4980,1810,0.0150898078529657,2005,"Aug","Other"
"69",2005-09-01,39900,8790,11080,9770,446490,1190,7230,1070,0.0196868910837869,2005,"Sep","Other"
"70",2005-10-01,47010,10140,19610,9350,490350,1520,11630,1610,0.0206791067604772,2005,"Oct","Other"
"71",2005-11-01,37710,6480,5570,3480,337670,1060,3760,800,0.0191903337578109,2005,"Nov","Winter"
"72",2005-12-01,31380,6490,3650,3560,304510,550,2600,740,0.02131292896785,2005,"Dec","Winter"
"73",2006-01-01,52370,12800,7800,12450,576470,1780,8130,2160,0.0222041042899023,2006,"Jan","Winter"
"74",2006-02-01,27830,10230,3660,5540,342940,1160,3300,1090,0.0298302910130052,2006,"Feb","Winter"
"75",2006-03-01,28940,7630,3920,5000,334220,920,2860,710,0.022829274130812,2006,"Mar","Winter"
"76",2006-04-01,33990,9290,5290,3220,379160,670,3860,1200,0.0245015296972254,2006,"Apr","Winter"
"77",2006-05-01,37650,6120,9540,6260,349420,1080,7130,1140,0.0175147387098621,2006,"May","Other"
"78",2006-06-01,38880,6260,10710,9490,364800,1240,7470,1620,0.0171600877192982,2006,"Jun","Other"
"79",2006-07-01,43700,8760,15610,11040,499520,1230,10770,1540,0.0175368353619475,2006,"Jul","Other"
"80",2006-08-01,33370,5630,9700,8760,395030,1100,4430,1380,0.0142520821203453,2006,"Aug","Other"
"81",2006-09-01,41060,7640,13920,10590,446790,1360,8690,1840,0.017099756037512,2006,"Sep","Other"
"82",2006-10-01,52360,12090,20530,8600,521480,1300,10380,1460,0.0231840147273146,2006,"Oct","Other"
"83",2006-11-01,34440,7460,7100,3480,364510,740,4470,890,0.0204658308414035,2006,"Nov","Winter"
"84",2006-12-01,29830,7210,3020,3740,323050,410,3240,1080,0.0223185265438787,2006,"Dec","Winter"
"85",2007-01-01,53940,16280,8400,13270,621560,2100,7950,3010,0.0261921616577643,2007,"Jan","Winter"
"86",2007-02-01,30020,10120,3320,7560,351400,1020,3820,1270,0.0287990893568583,2007,"Feb","Winter"
"87",2007-03-01,30010,8340,2790,5780,376520,950,2340,1110,0.0221502177839159,2007,"Mar","Winter"
"88",2007-04-01,37830,13230,7060,4150,433460,600,4960,1180,0.0305218474599732,2007,"Apr","Winter"
"89",2007-05-01,38590,7170,9990,8870,379940,650,5500,780,0.0188714007474864,2007,"May","Other"
"90",2007-06-01,36540,7790,13900,11010,400060,1100,8820,1280,0.0194720791881218,2007,"Jun","Other"
"91",2007-07-01,46880,10760,17030,9990,539210,1610,12260,2300,0.019955119526715,2007,"Jul","Other"
"92",2007-08-01,37540,7100,9590,9360,445460,1270,7020,1430,0.0159385803439142,2007,"Aug","Other"
"93",2007-09-01,41540,7980,16140,10620,481360,1840,8360,1200,0.0165780289180655,2007,"Sep","Other"
"94",2007-10-01,58420,16000,25120,8180,595650,1150,23590,2160,0.0268614119029632,2007,"Oct","Other"
"95",2007-11-01,39720,11840,8680,3790,421760,640,6900,930,0.0280728376327769,2007,"Nov","Winter"
"96",2007-12-01,32440,8990,3420,3860,368440,600,3260,1130,0.0244001737053523,2007,"Dec","Winter"
"97",2008-01-01,62720,22890,10030,15170,695630,2300,8830,3410,0.0329054238603856,2008,"Jan","Winter"
"98",2008-02-01,32880,16110,3590,7420,413260,980,4280,1040,0.0389827227411315,2008,"Feb","Winter"
"99",2008-03-01,32930,12250,3020,6140,427420,720,2660,1080,0.0286603340976089,2008,"Mar","Winter"
"100",2008-04-01,40220,15040,8200,4130,457300,580,5040,1480,0.0328886945112618,2008,"Apr","Winter"
"101",2008-05-01,39490,8440,10490,7740,422330,780,8700,1210,0.0199843724102006,2008,"May","Other"
"102",2008-06-01,46160,8000,13850,10590,448400,1310,11200,1510,0.0178412132024978,2008,"Jun","Other"
"103",2008-07-01,50110,10730,17130,11820,560660,1940,14480,1680,0.0191381585987943,2008,"Jul","Other"
"104",2008-08-01,40640,7640,10050,9740,489110,1130,6930,2130,0.0156202081331398,2008,"Aug","Other"
"105",2008-09-01,47660,9580,15750,11440,506890,1460,10720,1960,0.0188995640079702,2008,"Sep","Other"
"106",2008-10-01,59630,15820,24000,9930,616190,1590,14800,1920,0.0256738992843117,2008,"Oct","Other"
"107",2008-11-01,39530,12240,9870,3820,438240,500,6340,900,0.0279299014238773,2008,"Nov","Winter"
"108",2008-12-01,32330,8570,4410,3940,365920,570,2950,680,0.0234204197638828,2008,"Dec","Winter"
"109",2009-01-01,58920,23030,9370,14220,701240,1450,9600,3090,0.0328418230563003,2009,"Jan","Winter"
"110",2009-02-01,28130,16940,3030,5700,406570,730,3640,1200,0.0416656418328947,2009,"Feb","Winter"
"111",2009-03-01,27920,11570,2330,4970,408660,410,2880,780,0.0283120442421573,2009,"Mar","Winter"
"112",2009-04-01,41020,14030,5680,4020,474550,550,4510,1160,0.0295648509113897,2009,"Apr","Winter"
"113",2009-05-01,46050,8900,8550,7030,439630,680,6370,960,0.0202442963401042,2009,"May","Other"
"114",2009-06-01,46770,8940,13050,11090,450510,950,9000,1620,0.0198441765998535,2009,"Jun","Other"
"115",2009-07-01,56480,11520,16530,11320,616540,2140,13960,1930,0.0186849190644565,2009,"Jul","Other"
"116",2009-08-01,48230,7720,11320,11200,543690,1460,8520,1830,0.0141992679652008,2009,"Aug","Other"
"117",2009-09-01,54830,11940,14610,11020,560890,1120,9860,1620,0.0212875964984221,2009,"Sep","Other"
"118",2009-10-01,74820,16270,23420,8700,682230,1560,14720,1730,0.0238482623162277,2009,"Oct","Other"
"119",2009-11-01,52540,14280,7510,4050,503800,400,5280,870,0.0283445811830091,2009,"Nov","Winter"
"120",2009-12-01,40560,12910,3090,4090,438160,560,3340,1060,0.029464122694906,2009,"Dec","Winter"
"121",2010-01-01,67410,25380,9280,13110,824860,1460,9920,3080,0.0307688577455568,2010,"Jan","Winter"
"122",2010-02-01,38600,17620,3350,6600,455820,900,4090,1210,0.038655609670484,2010,"Feb","Winter"
"123",2010-03-01,39870,14740,2730,6640,482780,590,2240,1400,0.0305315050333485,2010,"Mar","Winter"
"124",2010-04-01,51960,19290,7240,5220,561680,710,6160,1180,0.0343433983762997,2010,"Apr","Winter"
"125",2010-05-01,55020,10350,10220,8150,492970,770,9040,1110,0.0209951924052174,2010,"May","Other"
"126",2010-06-01,54480,10200,15030,10840,517450,890,11900,1620,0.0197120494733791,2010,"Jun","Other"
"127",2010-07-01,69490,14170,21240,13060,730910,1510,18780,2940,0.0193867918074729,2010,"Jul","Other"
"128",2010-08-01,56040,7940,11850,10750,591220,1300,9020,2200,0.0134298569060587,2010,"Aug","Other"
"129",2010-09-01,63670,13810,17130,13640,629830,1390,12240,1740,0.0219265516091644,2010,"Sep","Other"
"130",2010-10-01,82750,17600,27070,9480,766100,940,17790,1870,0.0229735021537658,2010,"Oct","Other"
"131",2010-11-01,58450,12090,7620,3870,537150,840,5670,1240,0.0225076794191567,2010,"Nov","Winter"
"132",2010-12-01,47000,11480,3620,5680,464470,370,3980,1060,0.0247163433590975,2010,"Dec","Winter"
"133",2011-01-01,84730,30970,10660,16440,909410,2660,11070,3950,0.0340550466786158,2011,"Jan","Winter"
"134",2011-02-01,47850,19690,3100,7710,516920,980,4370,1700,0.0380910005416699,2011,"Feb","Winter"
"135",2011-03-01,47830,13400,2860,6590,514420,730,3030,1220,0.0260487539364721,2011,"Mar","Winter"
"136",2011-04-01,63010,4490,7910,5560,595190,900,6600,980,0.00754380953981082,2011,"Apr","Winter"
"137",2011-05-01,72600,5580,14210,8810,605640,1010,11220,1210,0.00921339409550228,2011,"May","Other"
"138",2011-06-01,70470,7010,17490,11860,563200,1230,12080,1740,0.0124467329545455,2011,"Jun","Other"
"139",2011-07-01,82210,7550,26470,13840,805860,1630,23910,3070,0.00936887300523664,2011,"Jul","Other"
"140",2011-08-01,62390,5130,15030,10120,636890,730,10200,1210,0.00805476612915888,2011,"Aug","Other"
"141",2011-09-01,76700,7740,20780,12130,696050,990,14100,2490,0.0111198908124416,2011,"Sep","Other"
"142",2011-10-01,94180,12380,30880,10110,835650,1200,20150,1800,0.0148148148148148,2011,"Oct","Other"
"143",2011-11-01,63850,10030,6770,4130,584320,810,5670,1240,0.0171652519167579,2011,"Nov","Winter"
"144",2011-12-01,49710,10590,3750,5210,502380,600,3520,1000,0.0210796608145229,2011,"Dec","Winter"
"145",2012-01-01,95540,24010,10490,16700,951790,3710,12700,3220,0.0252261528278297,2012,"Jan","Winter"
"146",2012-02-01,52810,16280,3020,9000,577270,1300,4660,1540,0.0282017080395655,2012,"Feb","Winter"
"147",2012-03-01,52670,10330,2590,6200,553070,1040,2940,1830,0.0186775634187354,2012,"Mar","Winter"
"148",2012-04-01,70810,15650,8740,4920,674400,790,7860,1250,0.02320581257414,2012,"Apr","Winter"
"149",2012-05-01,69440,9550,11460,8050,575630,360,10820,1380,0.0165905182148255,2012,"May","Other"
"150",2012-06-01,72450,10830,19730,12040,622270,1100,13780,2040,0.0174040207626914,2012,"Jun","Other"
"151",2012-07-01,82820,13660,27560,14070,853350,1860,23330,2320,0.0160074998535185,2012,"Jul","Other"
"152",2012-08-01,66050,6330,14650,11630,647880,1180,10710,2340,0.00977032783848861,2012,"Aug","Other"
"153",2012-09-01,80820,8960,23570,12800,720110,1830,16340,2230,0.0124425435002986,2012,"Sep","Other"
"154",2012-10-01,109660,18660,30960,10680,877760,1670,20350,2670,0.0212586584032082,2012,"Oct","Other"
"155",2012-11-01,66530,11000,9090,4280,610430,540,6360,760,0.0180200842029389,2012,"Nov","Winter"
"156",2012-12-01,59150,11460,3900,4750,542010,630,4900,670,0.0211435213372447,2012,"Dec","Winter"
"157",2013-01-01,103100,33190,11650,18260,999420,3240,15340,3380,0.0332092613715955,2013,"Jan","Winter"
"158",2013-02-01,53980,21510,3870,8830,558780,1030,3930,1170,0.0384945774723505,2013,"Feb","Winter"
"159",2013-03-01,57790,13750,3120,6780,585700,850,3930,1760,0.0234761823459109,2013,"Mar","Winter"
"160",2013-04-01,74860,23460,8000,5350,709330,930,8810,930,0.0330734636910888,2013,"Apr","Winter"
"161",2013-05-01,83900,13520,12820,7340,637280,780,10800,1220,0.0212151644489079,2013,"May","Other"
"162",2013-06-01,82360,11640,19950,10520,659140,1460,15730,2270,0.0176593743362563,2013,"Jun","Other"
"163",2013-07-01,95890,14760,30950,13940,902240,1870,27710,2910,0.0163592835609151,2013,"Jul","Other"
"164",2013-08-01,78930,8500,19530,13000,716060,1060,11810,1550,0.011870513644108,2013,"Aug","Other"
"165",2013-09-01,92700,9920,25840,13640,775680,820,17170,2290,0.0127887788778878,2013,"Sep","Other"
"166",2013-10-01,112900,19470,32350,10180,933680,1610,22140,1960,0.0208529688972667,2013,"Oct","Other"
"167",2013-11-01,73210,13350,9030,4460,655290,510,6020,1000,0.020372659433228,2013,"Nov","Winter"
"168",2013-12-01,62390,12580,4350,4420,577000,470,4620,1130,0.0218024263431542,2013,"Dec","Winter"
"169",2014-01-01,108550,40600,12240,18880,1098010,3470,16250,3980,0.0369759838252839,2014,"Jan","Winter"
"170",2014-02-01,52150,25200,3560,8300,612770,1610,3930,1420,0.041124728691026,2014,"Feb","Winter"
"171",2014-03-01,56240,19510,3620,7530,622410,750,3890,1100,0.0313458973988207,2014,"Mar","Winter"
"172",2014-04-01,74710,27290,8770,5970,751650,690,9200,1410,0.0363067917248719,2014,"Apr","Winter"
"173",2014-05-01,85080,15240,13640,7510,669200,840,10650,1150,0.0227734608487747,2014,"May","Other"
"174",2014-06-01,77480,13000,19870,12190,672750,1420,15160,2190,0.0193236714975845,2014,"Jun","Other"
"175",2014-07-01,94470,19010,31440,15670,930600,2090,27240,3250,0.0204276810659789,2014,"Jul","Other"
"176",2014-08-01,76530,8010,18250,13730,765060,1140,16040,1720,0.010469767077092,2014,"Aug","Other"
"177",2014-09-01,87420,15270,28200,14570,808460,1490,19380,2350,0.0188877619177201,2014,"Sep","Other"
"178",2014-10-01,114990,27100,31770,10850,934740,1510,22880,1800,0.0289920191711064,2014,"Oct","Other"
"179",2014-11-01,82400,15440,9310,4560,684510,600,6680,1380,0.0225562811354107,2014,"Nov","Winter"
"180",2014-12-01,64330,15720,3910,5940,588940,940,4450,1490,0.0266920229564981,2014,"Dec","Winter"
"181",2015-01-01,115490,47660,12730,22970,1150240,3560,14950,3380,0.041434830991793,2015,"Jan","Winter"
"182",2015-02-01,60400,32010,4090,9050,607290,1470,4340,1050,0.0527095786197698,2015,"Feb","Winter"
"183",2015-03-01,62760,22380,3010,7020,646250,630,3410,1470,0.0346305609284333,2015,"Mar","Winter"
"184",2015-04-01,76630,31530,8540,6600,763580,820,8300,1220,0.041292333481757,2015,"Apr","Winter"
"185",2015-05-01,83600,22600,16070,7300,684920,1240,10490,1240,0.0329965543421129,2015,"May","Other"
"186",2015-06-01,80420,15410,19890,13330,697890,1480,16630,1740,0.0220808436859677,2015,"Jun","Other"
"187",2015-07-01,100950,20480,32640,17720,940490,2220,26110,2740,0.0217758827845059,2015,"Jul","Other"
"188",2015-08-01,83600,12330,21900,14970,790400,1420,15720,2370,0.0155996963562753,2015,"Aug","Other"
"189",2015-09-01,95040,18250,27630,17260,834870,2340,18910,2480,0.0218596907302933,2015,"Sep","Other"
"190",2015-10-01,120950,30360,37020,11820,971250,1900,22910,2710,0.0312586872586873,2015,"Oct","Other"
"191",2015-11-01,83430,22870,8600,4920,705370,770,7330,1150,0.0324227001431873,2015,"Nov","Winter"
"192",2015-12-01,67480,22990,4440,4490,627770,600,4760,1180,0.0366216926581391,2015,"Dec","Winter"
"193",2016-01-01,124900,58620,13520,22360,1209170,4330,15520,3890,0.0484795355491784,2016,"Jan","Winter"
"194",2016-02-01,64320,35130,3670,9090,668150,1410,4780,1330,0.0525780139190302,2016,"Feb","Winter"
"195",2016-03-01,57210,26590,2960,7640,664190,1120,3590,1580,0.0400337252894503,2016,"Mar","Winter"
"196",2016-04-01,90750,43660,9290,5760,812520,1000,6780,1880,0.0537340619307832,2016,"Apr","Winter"
"197",2016-05-01,90360,24810,13580,8210,719280,930,9170,1540,0.0344928261594928,2016,"May","Other"
"198",2016-06-01,82510,18100,20800,14480,721850,1290,13790,2100,0.0250744614532105,2016,"Jun","Other"
"199",2016-07-01,107650,26440,36500,19560,1024590,2110,25300,4070,0.0258054441288711,2016,"Jul","Other"
"200",2016-08-01,85270,13060,22620,15580,822320,1200,14120,2690,0.015881895125985,2016,"Aug","Other"
"201",2016-09-01,93170,21970,28050,17040,883760,2350,16770,3550,0.024859690413687,2016,"Sep","Other"
"202",2016-10-01,123130,35770,34130,14590,1024640,2720,19160,2080,0.0349098219862586,2016,"Oct","Other"
"203",2016-11-01,90380,23830,8710,5100,738730,740,6470,1520,0.032258064516129,2016,"Nov","Winter"
"204",2016-12-01,73180,25600,4410,7000,680560,970,4150,1750,0.0376160808745739,2016,"Dec","Winter"
"205",2017-01-01,125460,62510,14780,29340,1260360,3280,16390,4940,0.0495969405566664,2017,"Jan","Winter"
"206",2017-02-01,63320,41190,4660,13140,738700,1620,3780,1620,0.0557601191281982,2017,"Feb","Winter"
"207",2017-03-01,62950,28020,3690,8400,690430,1030,3850,1740,0.0405834045449937,2017,"Mar","Winter"
"208",2017-04-01,84720,50280,11510,7640,893920,1150,7350,1720,0.0562466439949884,2017,"Apr","Winter"
"209",2017-05-01,92640,28770,15940,11190,775960,1440,8470,1780,0.0370766534357441,2017,"May","Other"
"210",2017-06-01,84370,23280,23280,14940,763180,1010,10860,2560,0.0305039440236903,2017,"Jun","Other"
"211",2017-07-01,107680,25110,42970,23120,1070740,2840,22420,4110,0.0234510712217719,2017,"Jul","Other"
"212",2017-08-01,86780,15010,25070,18190,863230,1070,14260,3110,0.0173881815970251,2017,"Aug","Other"
"213",2017-09-01,98000,24410,31150,21810,946170,1670,15920,2690,0.0257987465254658,2017,"Sep","Other"
"214",2017-10-01,115550,40460,40040,15930,1078680,1990,18980,3170,0.0375088070604813,2017,"Oct","Other"
"215",2017-11-01,81680,28420,10160,6020,773110,930,5570,1400,0.0367606162124407,2017,"Nov","Winter"
"216",2017-12-01,71550,26580,6310,7250,680770,1610,4250,1350,0.0390440236790693,2017,"Dec","Winter"
"217",2018-01-01,125600,74470,15960,31420,1336960,4820,16310,4010,0.0557009932982288,2018,"Jan","Winter"
"218",2018-02-01,60570,45900,5540,10940,709020,1510,4810,1640,0.0647372429550647,2018,"Feb","Winter"
"219",2018-03-01,61320,36290,4260,8670,740730,970,4850,1400,0.0489922103870506,2018,"Mar","Winter"
"220",2018-04-01,88460,56820,11960,7510,929040,1280,8620,1660,0.061159907000775,2018,"Apr","Winter"
"221",2018-05-01,94560,37160,16430,11640,822240,1010,9550,1710,0.0451936174352987,2018,"May","Other"
"222",2018-06-01,91450,27270,27990,15950,808710,1890,15090,2400,0.0337203694773157,2018,"Jun","Other"
"223",2018-07-01,106780,32250,47260,23470,1133600,2240,25860,4050,0.0284491884262526,2018,"Jul","Other"
"224",2018-08-01,85050,15660,25460,19090,916200,1480,14080,3180,0.0170923379174853,2018,"Aug","Other"
"225",2018-09-01,96720,26130,37650,22120,973970,2260,16240,3400,0.0268283417353717,2018,"Sep","Other"
"226",2018-10-01,126560,47800,44120,15580,1147820,2580,21660,3700,0.0416441602341831,2018,"Oct","Other"
"227",2018-11-01,82170,32310,11520,6620,810320,1010,6740,1770,0.0398731365386514,2018,"Nov","Winter"
"228",2018-12-01,75460,28630,5850,7840,732810,1390,5020,1860,0.0390687900001365,2018,"Dec","Winter"
"229",2019-01-01,124730,84950,16100,31300,1392850,4720,15380,4910,0.0609900563592634,2019,"Jan","Winter"
"230",2019-02-01,57470,50120,5620,12960,746080,1630,5370,1920,0.067177782543427,2019,"Feb","Winter"
"231",2019-03-01,61410,34270,4020,9020,753510,1280,5090,1300,0.0454804846651007,2019,"Mar","Winter"
"232",2019-04-01,81130,58200,12690,6450,916430,1390,7490,1600,0.0635073055225167,2019,"Apr","Winter"
"233",2019-05-01,94990,41660,19990,12860,866280,1410,9610,2030,0.0480906866140278,2019,"May","Other"
"234",2019-06-01,86380,31650,31120,17080,841950,1920,16340,3030,0.0375913058970248,2019,"Jun","Other"
"235",2019-07-01,104010,34690,47660,21510,1122590,2790,23710,4330,0.0309017539796364,2019,"Jul","Other"
"236",2019-08-01,84600,17580,27640,18620,930970,1610,14140,3310,0.0188835300815279,2019,"Aug","Other"
"237",2019-09-01,95180,30860,34640,21970,992820,2170,16460,3300,0.0310831772123849,2019,"Sep","Other"
"238",2019-10-01,116960,60150,41550,15850,1145970,1970,18990,3080,0.0524882850336396,2019,"Oct","Other"
"239",2019-11-01,78960,42620,12790,6890,849790,1320,5780,1720,0.050153567351934,2019,"Nov","Winter"
"240",2019-12-01,69780,35410,7360,8280,749660,1270,5040,940,0.0472347464183763,2019,"Dec","Winter"
"241",2020-01-01,112280,87780,16560,32230,1397420,5260,15890,5130,0.0628157604728714,2020,"Jan","Winter"
"242",2020-02-01,59790,55690,5870,13840,785390,1930,5000,1900,0.0709074472555036,2020,"Feb","Winter"
"243",2020-03-01,53760,27920,2660,14090,538360,1190,4370,1490,0.05186120811353,2020,"Mar","Winter"
"244",2020-04-01,900,300,90,330,17050,50,150,40,0.0175953079178886,2020,"Apr","Winter"
"245",2020-05-01,1080,170,90,140,13380,10,120,50,0.0127055306427504,2020,"May","Other"
"246",2020-06-01,1370,160,110,240,15760,30,130,70,0.0101522842639594,2020,"Jun","Other"
"247",2020-07-01,1160,190,60,250,10280,30,150,60,0.0184824902723735,2020,"Jul","Other"
"248",2020-08-01,1060,200,50,180,8070,10,80,40,0.0247831474597274,2020,"Aug","Other"
"249",2020-09-01,750,130,90,160,8170,30,120,40,0.0159118727050184,2020,"Sep","Other"
"250",2020-10-01,850,130,150,250,11170,40,200,60,0.0116383169203223,2020,"Oct","Other"
"251",2020-11-01,1340,170,170,220,13000,20,260,100,0.0130769230769231,2020,"Nov","Winter"
"252",2020-12-01,1180,180,90,230,14300,20,150,60,0.0125874125874126,2020,"Dec","Winter"
"253",2021-01-01,810,180,70,180,11350,20,110,60,0.0158590308370044,2021,"Jan","Winter"
"254",2021-02-01,490,110,70,120,8390,10,60,30,0.0131108462455304,2021,"Feb","Winter"
"255",2021-03-01,590,100,80,120,9250,20,70,40,0.0108108108108108,2021,"Mar","Winter"
"256",2021-04-01,600,90,70,100,16990,20,60,40,0.00529723366686286,2021,"Apr","Winter"
"257",2021-05-01,810,160,70,120,62360,20,70,40,0.00256574727389352,2021,"May","Other"
"258",2021-06-01,960,100,90,170,50490,20,90,40,0.00198059021588433,2021,"Jun","Other"
"259",2021-07-01,520,200,50,90,41830,10,100,30,0.0047812574707148,2021,"Jul","Other"
"260",2021-08-01,570,1120,40,150,10310,10,80,30,0.108632395732299,2021,"Aug","Other"
"261",2021-09-01,870,510,70,120,6040,20,130,50,0.0844370860927152,2021,"Sep","Other"
"262",2021-10-01,640,50,80,110,5070,10,90,40,0.00986193293885602,2021,"Oct","Other"
"263",2021-11-01,3650,160,410,440,25910,90,520,140,0.00617522192203782,2021,"Nov","Winter"
"264",2021-12-01,6560,260,510,820,52830,70,780,250,0.00492144614802196,2021,"Dec","Winter"
"265",2022-01-01,20060,640,1740,4640,151570,330,3030,700,0.00422247146532955,2022,"Jan","Winter"
"266",2022-02-01,12750,470,1150,3180,116860,240,1410,510,0.00402190655485196,2022,"Feb","Winter"
"267",2022-03-01,18860,560,1380,3630,146340,380,1550,670,0.003826704933716,2022,"Mar","Winter"
"268",2022-04-01,32320,2130,2430,3640,282630,410,2670,990,0.00753635495170364,2022,"Apr","Winter"
"269",2022-05-01,36780,2360,4450,4270,360610,460,3790,1210,0.00654446632095616,2022,"May","Other"
"270",2022-06-01,36140,2500,8960,5960,390890,800,6430,1360,0.00639566118345315,2022,"Jun","Other"
"271",2022-07-01,54300,4400,23590,13570,671040,1260,14970,2850,0.00655698617072008,2022,"Jul","Other"
"272",2022-08-01,44950,3450,18240,12850,607950,1090,11660,2490,0.00567480878361707,2022,"Aug","Other"
"273",2022-09-01,52330,4250,23550,12660,633790,1400,12430,2370,0.00670569115953234,2022,"Sep","Other"
"274",2022-10-01,64160,11910,26470,9450,721860,1510,13160,2320,0.016499044135982,2022,"Oct","Other"
"275",2022-11-01,48880,15530,9580,4870,612120,710,5850,1340,0.0253708423184996,2022,"Nov","Winter"
"276",2022-12-01,41040,17570,5160,5480,529980,670,4980,1660,0.033152194422431,2022,"Dec","Winter"
"277",2023-01-01,74700,54620,12910,26920,1097900,3920,15550,5160,0.0497495218143729,2023,"Jan","Winter"
"278",2023-02-01,37090,42280,5350,10500,639580,1270,4860,1760,0.0661058819850527,2023,"Feb","Winter"
"279",2023-03-01,38510,32160,4850,8360,635730,1000,4370,1820,0.0505875135670804,2023,"Mar","Winter"
"280",2023-04-01,46440,58410,11490,6250,750170,1080,6350,1740,0.0778623512003946,2023,"Apr","Winter"
"281",2023-05-01,57290,34450,19190,7450,707440,1440,9130,2020,0.0486967092615628,2023,"May","Other"
"282",2023-06-01,49330,32060,32740,11340,729540,1460,13980,2670,0.0439454999040491,2023,"Jun","Other"
"283",2023-07-01,61660,35840,59160,18320,995580,1900,24890,3660,0.0359991160931316,2023,"Jul","Other"
"284",2023-08-01,52790,18420,38610,16020,858540,1710,14970,3070,0.0214550283038647,2023,"Aug","Other"
"285",2023-09-01,63460,38030,52920,17720,939060,1760,19130,2840,0.0404979447532639,2023,"Sep","Other"
"286",2023-10-01,77020,60690,50880,12510,1061340,1960,28520,3370,0.057182429758607,2023,"Oct","Other"
"287",2023-11-01,59270,53830,15660,6700,820760,910,9590,1700,0.065585554851601,2023,"Nov","Winter"
"288",2023-12-01,49540,48310,8000,6330,739600,1130,6170,1770,0.0653190914007572,2023,"Dec","Winter"
"289",2024-01-01,82090,110890,17580,23680,1392890,3740,16000,5280,0.0796114553195155,2024,"Jan","Winter"
"290",2024-02-01,40170,72210,5800,12320,775630,1380,4270,2130,0.0930985134664724,2024,"Feb","Winter"
"291",2024-03-01,50650,62590,5030,8610,767110,1180,4100,1210,0.0815919490034024,2024,"Mar","Winter"
"292",2024-04-01,60520,91560,13380,7150,964310,1380,7230,1570,0.0949487198100196,2024,"Apr","Winter"
"293",2024-05-01,64210,59200,21410,10870,807920,1130,8810,2290,0.0732745816417467,2024,"May","Other"
"294",2024-06-01,52910,51160,36300,13530,863950,1900,16650,3290,0.0592163898373749,2024,"Jun","Other"
"295",2024-07-01,72380,53880,53960,20720,1146340,2500,21250,4210,0.0470017621299091,2024,"Jul","Other"
"296",2024-08-01,56330,24910,31450,16270,916890,1080,16730,2650,0.0271679263597596,2024,"Aug","Other"
"297",2024-09-01,67100,50070,46020,19530,1020960,2170,17370,3530,0.0490420780441937,2024,"Sep","Other"
"298",2024-10-01,77320,86080,55480,15610,1184900,2070,20720,3910,0.0726474808000675,2024,"Oct","Other"
"299",2024-11-01,58880,73590,16590,7050,931990,820,7280,1490,0.0789600746789129,2024,"Nov","Winter"
"300",2024-12-01,52650,62570,8380,7310,823000,2060,7530,2140,0.0760267314702309,2024,"Dec","Winter"
"301",2025-01-01,85010,136020,20160,25150,1544890,5330,19900,6410,0.0880451035348795,2025,"Jan","Winter"
"302",2025-02-01,40690,97290,6380,10960,923360,1140,5690,1930,0.105365188009011,2025,"Feb","Winter"
"303",2025-03-01,55480,79650,5110,8730,840080,1410,4550,1530,0.0948123988191601,2025,"Mar","Winter"
